{
  "saved_at": 1777006643.320223,
  "mean": [
    -36.17393120852384,
    -120.77686898162746,
    -15.553926674176159
  ],
  "std": [
    1.4094895018304583,
    4.753288436078363,
    0.7941303868276424
  ],
  "n_samples": 319
}